Year,Rank,University,Score,Link,Country,City,Region,Logo
2017,1,Massachusetts Institute of Technology (MIT) ,100,https://www.topuniversities.com/universities/massachusetts-institute-technology-mit,United States,Cambridge,North America,https://www.topuniversities.com/sites/default/files/massachusetts-institute-of-technology-mit_410_small.jpg
2017,2,Stanford University,98,7,https://www.topuniversities.com/universities/stanford-university,United States,Stanford,North America,https://www.topuniversities.com/sites/default/files/stanford-university_573_small.jpg
2017,3,Harvard University,98,3,https://www.topuniversities.com/universities/harvard-university,United States,Cambridge,North America,https://www.topuniversities.com/sites/default/files/harvard-university_253_small.jpg
2017,4,University of Cambridge,97,2,https://www.topuniversities.com/universities/university-cambridge,United Kingdom,Cambridge,Europe,https://www.topuniversities.com/sites/default/files/university-of-cambridge_95_small.jpg
2017,5,California Institute of Technology (Caltech),96,9,https://www.topuniversities.com/universities/california-institute-technology-caltech,United States,Pasadena,North America,https://www.topuniversities.com/sites/default/files/california-institute-of-technology-caltech_94_small.jpg
2017,6,University of Oxford,96,8,https://www.topuniversities.com/universities/university-oxford,United Kingdom,Oxford,Europe,https://www.topuniversities.com/sites/default/files/university-of-oxford_478_small.jpg
2017,7,UCL,95,6,https://www.topuniversities.com/universities/ucl,United Kingdom,London,Europe,https://www.topuniversities.com/sites/default/files/ucl_592560cf2aeae70239af4bf1_small.jpg
2017,8,ETH Zurich - Swiss Federal Institute of Technology,94,2,https://www.topuniversities.com/universities/eth-zurich-swiss-federal-institute-technology,Switzerland,Zürich,Europe,https://www.topuniversities.com/sites/default/files/eth-zurich-swiss-federal-institute-of-technology_201_small.jpg
2017,9,Imperial College London,94,1,https://www.topuniversities.com/universities/imperial-college-london,United Kingdom,London,Europe,https://www.topuniversities.com/sites/default/files/imperial-college-london_592560cf2aeae70239af4be8_small.jpg
2017,10,University of Chicago,93,https://www.topuniversities.com/universities/university-chicago,United States,Chicago,North America,https://www.topuniversities.com/sites/default/files/university-of-chicago_120_small.jpg
2017,11,Princeton University,92,8,https://www.topuniversities.com/universities/princeton-university,United States,Princeton,North America,https://www.topuniversities.com/sites/default/files/princeton-university_508_small.jpg
2017,12,National University of Singapore (NUS),91,5,https://www.topuniversities.com/universities/national-university-singapore-nus,Singapore,Singapore,Asia,https://www.topuniversities.com/sites/default/files/national-university-of-singapore-nus_443_small.jpg
2017,13,Nanyang Technological University, Singapore (NTU),91,4,https://www.topuniversities.com/universities/nanyang-technological-university-singapore-ntu,Singapore,Singapore,Asia,https://www.topuniversities.com/sites/default/files/nanyang-technological-university-singapore-ntu_592560cf2aeae70239af4c32_small.jpg
2017,14,EPFL,91,1,https://www.topuniversities.com/universities/epfl,Switzerland,Lausanne,Europe,https://www.topuniversities.com/sites/default/files/epfl-ecole-polytechnique-federale-de-lausanne_592560cf2aeae70239af4b34_small.jpg
2017,15,Yale University,90,9,https://www.topuniversities.com/universities/yale-university,United States,New Haven,North America,https://www.topuniversities.com/sites/default/files/yale-university_684_small.jpg
2017,16,Cornell University,90,1,https://www.topuniversities.com/universities/cornell-university,United States,Ithaca,North America,https://www.topuniversities.com/sites/default/files/cornell-university_143_small.jpg
2017,17,Johns Hopkins University,89,3,https://www.topuniversities.com/universities/johns-hopkins-university,United States,Baltimore,North America,https://www.topuniversities.com/sites/default/files/johns-hopkins-university_305_small.jpg
2017,18,University of Pennsylvania,89,https://www.topuniversities.com/universities/university-pennsylvania,United States,Philadelphia,North America,https://www.topuniversities.com/sites/default/files/university-of-pennsylvania_495_small.jpg
2017,19,The University of Edinburgh,88,9,https://www.topuniversities.com/universities/university-edinburgh,United Kingdom,Edinburgh,Europe,https://www.topuniversities.com/sites/default/files/the-university-of-edinburgh_180_small.jpg
2017,20,Columbia University,88,6,https://www.topuniversities.com/universities/columbia-university,United States,New York City,North America,https://www.topuniversities.com/sites/default/files/columbia-university_138_small.jpg
2017,21,King's College London,87,7,https://www.topuniversities.com/universities/kings-college-london,United Kingdom,London,Europe,https://www.topuniversities.com/sites/default/files/kings-college-london_357_small.jpg
2017,22,The Australian National University,87,3,https://www.topuniversities.com/universities/australian-national-university,Australia,Canberra,Oceania,https://www.topuniversities.com/sites/default/files/the-australian-national-university_40_small.jpg
2017,23,University of Michigan-Ann Arbor,86,4,https://www.topuniversities.com/universities/university-michigan-ann-arbor,United States,Ann Arbor,North America,https://www.topuniversities.com/sites/default/files/university-of-michigan_403_small.jpg
2017,24,Tsinghua University,86,https://www.topuniversities.com/universities/tsinghua-university,China (Mainland),Beijing,Asia,https://www.topuniversities.com/sites/default/files/tsinghua-university_626_small.jpg
2017,24,Duke University,86,https://www.topuniversities.com/universities/duke-university,United States,Durham,North America,https://www.topuniversities.com/sites/default/files/duke-university_168_small.jpg
2017,26,Northwestern University,85,7,https://www.topuniversities.com/universities/northwestern-university,United States,Evanston,North America,https://www.topuniversities.com/sites/default/files/northwestern-university_592560cf2aeae70239af4c50_small.jpg
2017,27,The University of Hong Kong,85,4,https://www.topuniversities.com/universities/university-hong-kong,Hong Kong SAR,Hong Kong,Asia,https://www.topuniversities.com/sites/default/files/the-university-of-hong-kong_268_small.jpg
2017,28,University of California, Berkeley (UCB),85,2,https://www.topuniversities.com/universities/university-california-berkeley-ucb,United States,Berkeley,North America,https://www.topuniversities.com/sites/default/files/university-of-california-berkeley-ucb_84_small.jpg
2017,29,The University of Manchester,84,8,https://www.topuniversities.com/universities/university-manchester,United Kingdom,Manchester,Europe,https://www.topuniversities.com/sites/default/files/the-university-of-manchester_389_small.jpg
2017,30,McGill University,84,1,https://www.topuniversities.com/universities/mcgill-university,Canada,Montreal,North America,https://www.topuniversities.com/sites/default/files/mcgill-university_592560cf2aeae70239af4c10_small.jpg
2017,31,University of California, Los Angeles (UCLA),84,https://www.topuniversities.com/universities/university-california-los-angeles-ucla,United States,Los Angeles,North America,https://www.topuniversities.com/sites/default/files/university-of-california-los-angeles-ucla_87_small.jpg
2017,32,University of Toronto,83,8,https://www.topuniversities.com/universities/university-toronto,Canada,Toronto,North America,https://www.topuniversities.com/sites/default/files/university-of-toronto_619_small.jpg
2017,33,Ecole normale supérieure, Paris,82,9,https://www.topuniversities.com/universities/ecole-normale-superieure-paris,France,Paris,Europe,https://www.topuniversities.com/sites/default/files/ecole-normale-suprieure-paris_176_small.jpg
2017,34,The University of Tokyo,82,6,https://www.topuniversities.com/universities/university-tokyo,Japan,Tokyo,Asia,https://www.topuniversities.com/sites/default/files/the-university-of-tokyo_615_small.jpg
2017,35,Seoul National University,82,1,https://www.topuniversities.com/universities/seoul-national-university,South Korea,Seoul,Asia,https://www.topuniversities.com/sites/default/files/graduate-school-of-business-seoul-national-university_553_small.jpg
2017,36,The Hong Kong University of Science and Technology,81,8,https://www.topuniversities.com/universities/hong-kong-university-science-technology,Hong Kong SAR,Hong Kong,Asia,https://www.topuniversities.com/sites/default/files/the-hong-kong-university-of-science-and-technology_269_small.jpg
2017,37,Kyoto University,81,7,https://www.topuniversities.com/universities/kyoto-university,Japan,Kyoto,Asia,https://www.topuniversities.com/sites/default/files/kyoto-university_328_small.jpg
2017,37,The London School of Economics and Political Science (LSE),81,7,https://www.topuniversities.com/universities/london-school-economics-political-science-lse,United Kingdom,London,Europe,https://www.topuniversities.com/sites/default/files/london-school-of-economics-and-political-science-lse_362_small.jpg
2017,39,Peking University,81,3,https://www.topuniversities.com/universities/peking-university,China (Mainland),Beijing,Asia,https://www.topuniversities.com/sites/default/files/peking-university_50_small.jpg
2017,40,University of California, San Diego (UCSD),80,6,https://www.topuniversities.com/universities/university-california-san-diego-ucsd,United States,San Diego,North America,https://www.topuniversities.com/sites/default/files/university-of-california-san-diego-ucsd_89_small.jpg
2017,41,University of Bristol,79,6,https://www.topuniversities.com/universities/university-bristol,United Kingdom,Bristol,Europe,https://www.topuniversities.com/sites/default/files/university-of-bristol_69_small.jpg
2017,42,The University of Melbourne,79,5,https://www.topuniversities.com/universities/university-melbourne,Australia,Parkville,Oceania,https://www.topuniversities.com/sites/default/files/the-university-of-melbourne_399_small.jpg
2017,43,Fudan University,79,4,https://www.topuniversities.com/universities/fudan-university,China (Mainland),Shanghai,Asia,https://www.topuniversities.com/sites/default/files/fudan-university_218_small.jpg
2017,44,The Chinese University of Hong Kong (CUHK),78,1,https://www.topuniversities.com/universities/chinese-university-hong-kong-cuhk,Hong Kong SAR,Hong Kong,Asia,https://www.topuniversities.com/sites/default/files/the-chinese-university-of-hong-kong-cuhk_123_small.jpg
2017,45,University of British Columbia,78,https://www.topuniversities.com/universities/university-british-columbia,Canada,Vancouver,North America,https://www.topuniversities.com/sites/default/files/university-of-british-columbia_70_small.jpg
2017,46,The University of Sydney,77,9,https://www.topuniversities.com/universities/university-sydney,Australia,Sydney,Oceania,https://www.topuniversities.com/sites/default/files/the-university-of-sydney_592560cf2aeae70239af4cd0_small.jpg
2017,46,New York University (NYU),77,9,https://www.topuniversities.com/universities/new-york-university-nyu,United States,New York City,North America,https://www.topuniversities.com/sites/default/files/new-york-university-nyu_448_small.jpg
2017,46,KAIST - Korea Advanced Institute of Science & Technology,77,9,https://www.topuniversities.com/universities/kaist-korea-advanced-institute-science-technology,South Korea,Daejeon,Asia,https://www.topuniversities.com/sites/default/files/kaist-korea-advanced-institute-of-science-technology_324_small.jpg
2017,49,The University of New South Wales (UNSW Sydney),77,8,https://www.topuniversities.com/universities/university-new-south-wales-unsw-sydney,Australia,Sydney,Oceania,https://www.topuniversities.com/sites/default/files/the-university-of-new-south-wales-unsw-sydney_447_small.jpg
2017,49,Brown University,77,8,https://www.topuniversities.com/universities/brown-university,United States,Providence,North America,https://www.topuniversities.com/sites/default/files/brown-university_72_small.jpg
2017,51,The University of Queensland,77,6,https://www.topuniversities.com/universities/university-queensland,Australia,Brisbane,Oceania,https://www.topuniversities.com/sites/default/files/the-university-of-queensland_515_small.jpg
2017,51,The University of Warwick,77,6,https://www.topuniversities.com/universities/university-warwick,United Kingdom,Coventry,Europe,https://www.topuniversities.com/sites/default/files/the-university-of-warwick_664_small.jpg
2017,53,University of Wisconsin-Madison,75,7,https://www.topuniversities.com/universities/university-wisconsin-madison,United States,Madison,North America,https://www.topuniversities.com/sites/default/files/university-of-wisconsin-madison_678_small.jpg
2017,53,Ecole Polytechnique,75,7,https://www.topuniversities.com/universities/ecole-polytechnique,France,Palaiseau,Europe,https://www.topuniversities.com/sites/default/files/ecole-polytechnique_592560cf2aeae70239af4b36_small.jpg
2017,55,City University of Hong Kong,75,4,https://www.topuniversities.com/universities/city-university-hong-kong,Hong Kong SAR,Hong Kong,Asia,https://www.topuniversities.com/sites/default/files/city-university-of-hong-kong_592560cf2aeae70239af4b05_small.jpg
2017,56,Tokyo Institute of Technology (Tokyo Tech),74,9,https://www.topuniversities.com/universities/tokyo-institute-technology-tokyo-tech,Japan,Tokyo,Asia,https://www.topuniversities.com/sites/default/files/tokyo-institute-of-technology_592560cf2aeae70239af4ceb_small.jpg
2017,57,University of Amsterdam,74,3,https://www.topuniversities.com/universities/university-amsterdam,Netherlands,Amsterdam,Europe,https://www.topuniversities.com/sites/default/files/university-of-amsterdam_18_small.jpg
2017,58,Carnegie Mellon University,74,2,https://www.topuniversities.com/universities/carnegie-mellon-university,United States,Pittsburgh,North America,https://www.topuniversities.com/sites/default/files/carnegie-mellon-university_101_small.jpg
2017,59,University of Washington,73,9,https://www.topuniversities.com/universities/university-washington,United States,Seattle,North America,https://www.topuniversities.com/sites/default/files/university-of-washington_592560cf2aeae70239af4d1e_small.jpg
2017,60,Technical University of Munich,72,4,https://www.topuniversities.com/universities/technical-university-munich,Germany,Munich,Europe,https://www.topuniversities.com/sites/default/files/technical-university-of-munich_599_small.jpg
2017,61,Shanghai Jiao Tong University,72,2,https://www.topuniversities.com/universities/shanghai-jiao-tong-university,China (Mainland),Shanghai,Asia,https://www.topuniversities.com/sites/default/files/shanghai-jiao-tong-university_556_small.jpg
2017,62,Delft University of Technology,72,1,https://www.topuniversities.com/universities/delft-university-technology,Netherlands,Delft,Europe,https://www.topuniversities.com/sites/default/files/delft-university-of-technology_155_small.jpg
2017,63,Osaka University,71,7,https://www.topuniversities.com/universities/osaka-university,Japan,Osaka City,Asia,https://www.topuniversities.com/sites/default/files/osaka-university_472_small.jpg
2017,63,University of Glasgow,71,7,https://www.topuniversities.com/universities/university-glasgow,United Kingdom,Glasgow,Europe,https://www.topuniversities.com/sites/default/files/university-of-glasgow_592560cf2aeae70239af4b6c_small.jpg
2017,65,Monash University,71,6,https://www.topuniversities.com/universities/monash-university,Australia,Melbourne,Oceania,https://www.topuniversities.com/sites/default/files/monash-university_412_small.jpg
2017,66,University of Illinois at Urbana-Champaign,71,4,https://www.topuniversities.com/universities/university-illinois-urbana-champaign,United States,Champaign,North America,https://www.topuniversities.com/sites/default/files/university-of-illinois-at-urbana-champaign_2090_small.jpg
2017,67,University of Texas at Austin,70,7,https://www.topuniversities.com/universities/university-texas-austin,United States,Austin,North America,https://www.topuniversities.com/sites/default/files/university-of-texas-at-austin_604_small.jpg
2017,68,Ludwig-Maximilians-Universität München,70,2,https://www.topuniversities.com/universities/ludwig-maximilians-universitat-munchen,Germany,Munich,Europe,https://www.topuniversities.com/sites/default/files/ludwig-maximilians-universitt-mnchen_420_small.jpg
2017,68,National Taiwan University (NTU),70,2,https://www.topuniversities.com/universities/national-taiwan-university-ntu,Taiwan,Taipei City,Asia,https://www.topuniversities.com/sites/default/files/national-taiwan-university-ntu_592560cf2aeae70239af4c3c_small.jpg
2017,68,University of Copenhagen,70,2,https://www.topuniversities.com/universities/university-copenhagen,Denmark,Copenhagen,Europe,https://www.topuniversities.com/sites/default/files/university-of-copenhagen_141_small.jpg
2017,71,Georgia Institute of Technology,69,8,https://www.topuniversities.com/universities/georgia-institute-technology,United States,Atlanta,North America,https://www.topuniversities.com/sites/default/files/georgia-institute-of-technology_225_small.jpg
2017,72,Ruprecht-Karls-Universität Heidelberg,69,7,https://www.topuniversities.com/universities/ruprecht-karls-universitat-heidelberg,Germany,Heidelberg,Europe,https://www.topuniversities.com/sites/default/files/ruprecht-karls-universitaet-heidelberg_259_small.jpg
2017,73,Lund University,69,1,https://www.topuniversities.com/universities/lund-university,Sweden,Lund,Europe,https://www.topuniversities.com/sites/default/files/lund-university_371_small.jpg
2017,74,Durham University,68,8,https://www.topuniversities.com/universities/durham-university,United Kingdom,Durham,Europe,https://www.topuniversities.com/sites/default/files/durham-university_170_small.jpg
2017,75,Tohoku University,68,7,https://www.topuniversities.com/universities/tohoku-university,Japan,Sendai City,Asia,https://www.topuniversities.com/sites/default/files/tohoku-university_611_small.jpg
2017,75,University of Nottingham,68,7,https://www.topuniversities.com/universities/university-nottingham,United Kingdom,Nottingham,Europe,https://www.topuniversities.com/sites/default/files/the-university-of-nottingham_592560cf2aeae70239af4c4e_small.jpg
2017,77,University of St Andrews,68,2,https://www.topuniversities.com/universities/university-st-andrews,United Kingdom,St. Andrews,Europe,https://www.topuniversities.com/sites/default/files/university-of-st-andrews_570_small.jpg
2017,78,University of North Carolina, Chapel Hill,68,1,https://www.topuniversities.com/universities/university-north-carolina-chapel-hill,United States,Chapel Hill,North America,https://www.topuniversities.com/sites/default/files/university-of-north-carolina-chapel-hill_424_small.jpg
2017,79,KU Leuven,67,9,https://www.topuniversities.com/universities/ku-leuven,Belgium,Leuven,Europe,https://www.topuniversities.com/sites/default/files/ku-leuven_592560cf2aeae70239af4aec_small.jpg
2017,80,University of Zurich,67,8,https://www.topuniversities.com/universities/university-zurich,Switzerland,Zürich,Europe,https://www.topuniversities.com/sites/default/files/university-of-zurich_693_small.jpg
2017,81,The University of Auckland,67,3,https://www.topuniversities.com/universities/university-auckland,New Zealand,Auckland,Oceania,https://www.topuniversities.com/sites/default/files/the-university-of-auckland_592560cf2aeae70239af4aa8_small.jpg
2017,82,University of Birmingham,67,2,https://www.topuniversities.com/universities/university-birmingham,United Kingdom,Birmingham,Europe,https://www.topuniversities.com/sites/default/files/university-of-birmingham_59_small.jpg
2017,83,Pohang University of Science And Technology (POSTECH),67,https://www.topuniversities.com/universities/pohang-university-science-technology-postech,South Korea,Pohang ,Asia,https://www.topuniversities.com/sites/default/files/pohang-university-of-science-and-technology-postech_592560cf2aeae70239af4c7b_small.jpg
2017,84,The University of Sheffield,66,9,https://www.topuniversities.com/universities/university-sheffield,United Kingdom,Sheffield,Europe,https://www.topuniversities.com/sites/default/files/the-university-of-sheffield_592560cf2aeae70239af4cb1_small.jpg
2017,85,Universidad de Buenos Aires (UBA),65,8,https://www.topuniversities.com/universities/universidad-de-buenos-aires-uba,Argentina,Buenos Aires,Latin America,https://www.topuniversities.com/sites/default/files/universidad-de-buenos-aires-uba_78_small.jpg
2017,85,University of California, Davis,65,8,https://www.topuniversities.com/universities/university-california-davis,United States,Davis,North America,https://www.topuniversities.com/sites/default/files/university-of-california-davis_592560cf2aeae70239af4ad8_small.jpg
2017,87,University of Southampton,65,6,https://www.topuniversities.com/universities/university-southampton,United Kingdom,Southampton,Europe,https://www.topuniversities.com/sites/default/files/university-of-southampton_567_small.jpg
2017,88,The Ohio State University,65,4,https://www.topuniversities.com/universities/ohio-state-university,United States,Columbus,North America,https://www.topuniversities.com/sites/default/files/the-ohio-state-university_465_small.jpg
2017,89,Boston University,65,2,https://www.topuniversities.com/universities/boston-university,United States,Boston,North America,https://www.topuniversities.com/sites/default/files/boston-university_592560cf2aeae70239af4ac2_small.jpg
2017,90,Rice University,65,https://www.topuniversities.com/universities/rice-university,United States,Houston,North America,https://www.topuniversities.com/sites/default/files/rice-university_524_small.jpg
2017,91,University of Helsinki,64,7,https://www.topuniversities.com/universities/university-helsinki,Finland,Helsinki,Europe,https://www.topuniversities.com/sites/default/files/university-of-helsinki_260_small.jpg
2017,92,Purdue University,64,5,https://www.topuniversities.com/universities/purdue-university,United States,West Lafayette,North America,https://www.topuniversities.com/sites/default/files/purdue-university_510_small.jpg
2017,93,University of Leeds,64,2,https://www.topuniversities.com/universities/university-leeds,United Kingdom,Leeds,Europe,https://www.topuniversities.com/sites/default/files/university-of-leeds_338_small.jpg
2017,94,University of Alberta,64,https://www.topuniversities.com/universities/university-alberta,Canada,Edmonton,North America,https://www.topuniversities.com/sites/default/files/university-of-alberta_15_small.jpg
2017,95,Pennsylvania State University,63,6,https://www.topuniversities.com/universities/pennsylvania-state-university,United States,University Park,North America,https://www.topuniversities.com/sites/default/files/pennsylvania-state-university_494_small.jpg
2017,95,University of Geneva,63,6,https://www.topuniversities.com/universities/university-geneva,Switzerland,Geneva,Europe,https://www.topuniversities.com/sites/default/files/university-of-geneva_221_small.jpg
2017,97,KTH Royal Institute of Technology ,63,1,https://www.topuniversities.com/universities/kth-royal-institute-technology,Sweden,Stockholm,Europe,https://www.topuniversities.com/sites/default/files/kth-royal-institute-of-technology-_592560cf2aeae70239af4c9b_small.jpg
2017,98,Uppsala University,62,8,https://www.topuniversities.com/universities/uppsala-university,Sweden,Uppsala,Europe,https://www.topuniversities.com/sites/default/files/uppsala-university_643_small.jpg
2017,98,Korea University,62,8,https://www.topuniversities.com/universities/korea-university,South Korea,Seoul,Asia,https://www.topuniversities.com/sites/default/files/korea-university_325_small.jpg
2017,98,Trinity College Dublin, The University of Dublin,62,8,https://www.topuniversities.com/universities/trinity-college-dublin-university-dublin,Ireland,Dublin,Europe,https://www.topuniversities.com/sites/default/files/trinity-college-dublin-the-university-of-dublin_167_small.jpg
2017,98,KIT, Karlsruhe Institute of Technology,62,8,https://www.topuniversities.com/universities/kit-karlsruhe-institute-technology,Germany,Karlsruhe,Europe,https://www.topuniversities.com/sites/default/files/kit-karlsruhe-institute-of-technology_310_small.jpg
2017,102,Leiden University,62,7,https://www.topuniversities.com/universities/leiden-university,Netherlands,Leiden,Europe,https://www.topuniversities.com/sites/default/files/leiden-university_340_small.jpg
2017,102,The University of Western Australia,62,7,https://www.topuniversities.com/universities/university-western-australia,Australia,Perth,Oceania,https://www.topuniversities.com/sites/default/files/the-university-of-western-australia_673_small.jpg
2017,104,Utrecht University,62,4,https://www.topuniversities.com/universities/utrecht-university,Netherlands,Utrecht,Europe,https://www.topuniversities.com/sites/default/files/utrecht-university_646_small.jpg
2017,104,University of Science and Technology of China,62,4,https://www.topuniversities.com/universities/university-science-technology-china,China (Mainland),Hefei,Asia,https://www.topuniversities.com/sites/default/files/university-of-science-and-technology-of-china_122_small.jpg
2017,106,Sungkyunkwan University(SKKU),62,2,https://www.topuniversities.com/universities/sungkyunkwan-universityskku,South Korea,Suwon,Asia,https://www.topuniversities.com/sites/default/files/sungkyunkwan-universityskku_592560cf2aeae70239af4cc9_small.jpg
2017,106,Washington University in St. Louis,62,2,https://www.topuniversities.com/universities/washington-university-st-louis,United States,St. Louis,North America,https://www.topuniversities.com/sites/default/files/washington-university-in-st.-louis_668_small.jpg
2017,108,Lomonosov Moscow State University,62,1,https://www.topuniversities.com/universities/lomonosov-moscow-state-university,Russia,Moscow,Europe,https://www.topuniversities.com/sites/default/files/lomonosov-moscow-state-university-_592560cf2aeae70239af4c27_small.jpg
2017,109,Technical University of Denmark,61,8,https://www.topuniversities.com/universities/technical-university-denmark,Denmark,Kongens Lyngby,Europe,https://www.topuniversities.com/sites/default/files/technical-university-of-denmark_592560cf2aeae70239af4cd8_small.jpg
2017,110,Zhejiang University,61,6,https://www.topuniversities.com/universities/zhejiang-university,China (Mainland),Hangzhou,Asia,https://www.topuniversities.com/sites/default/files/zhejiang-university_592560cf2aeae70239af4d37_small.jpg
2017,111,The Hong Kong Polytechnic University,61,4,https://www.topuniversities.com/universities/hong-kong-polytechnic-university,Hong Kong SAR,Hong Kong,Asia,https://www.topuniversities.com/sites/default/files/the-hong-kong-polytechnic-university_267_small.jpg
2017,112,Yonsei University,60,5,https://www.topuniversities.com/universities/yonsei-university,South Korea,Seoul,Asia,https://www.topuniversities.com/sites/default/files/yonsei-university_688_small.jpg
2017,113,University of Oslo,60,https://www.topuniversities.com/universities/university-oslo,Norway,Oslo,Europe,https://www.topuniversities.com/sites/default/files/university-of-oslo_473_small.jpg
2017,113,University of Groningen,60,https://www.topuniversities.com/universities/university-groningen,Netherlands,Groningen,Europe,https://www.topuniversities.com/sites/default/files/university-of-groningen_243_small.jpg
2017,115,Nanjing University,59,6,https://www.topuniversities.com/universities/nanjing-university,China (Mainland),Nanjing,Asia,https://www.topuniversities.com/sites/default/files/nanjing-university_430_small.jpg
2017,115,Nagoya University,59,6,https://www.topuniversities.com/universities/nagoya-university,Japan,Nagoya,Asia,https://www.topuniversities.com/sites/default/files/nagoya-university_427_small.jpg
2017,117,Aarhus University,59,5,https://www.topuniversities.com/universities/aarhus-university,Denmark,Europe,https://www.topuniversities.com/sites/default/files/aarhus-university_592560cf2aeae70239af4a8a_small.jpg,
2017,118,University of California, Santa Barbara (UCSB),59,4,https://www.topuniversities.com/universities/university-california-santa-barbara-ucsb,United States,Santa Barbara,North America,https://www.topuniversities.com/sites/default/files/university-of-california-santa-barbara-ucsb_91_small.jpg
2017,119,Wageningen University & Research,59,1,https://www.topuniversities.com/universities/wageningen-university-research,Netherlands,Wageningen,Europe,https://www.topuniversities.com/sites/default/files/wageningen-university_659_small.jpg
2017,120,Universidade de São Paulo,59,https://www.topuniversities.com/universities/universidade-de-sao-paulo,Brazil,São Paulo,Latin America,https://www.topuniversities.com/sites/default/files/universidade-de-so-paulo_550_small.jpg
2017,121,Humboldt-Universität zu Berlin,58,9,https://www.topuniversities.com/universities/humboldt-universitat-zu-berlin,Germany,Berlin,Europe,https://www.topuniversities.com/sites/default/files/humboldt-universitt-zu-berlin_272_small.jpg
2017,121,Eindhoven University of Technology,58,9,https://www.topuniversities.com/universities/eindhoven-university-technology,Netherlands,Eindhoven,Europe,https://www.topuniversities.com/sites/default/files/eindhoven-university-of-technology_592560cf2aeae70239af4b3c_small.jpg
2017,123,Freie Universitaet Berlin,58,7,https://www.topuniversities.com/universities/freie-universitaet-berlin,Germany,Berlin,Europe,https://www.topuniversities.com/sites/default/files/freie-universitaet-berlin_215_small.jpg
2017,123,Queen Mary University of London,58,7,https://www.topuniversities.com/universities/queen-mary-university-london,United Kingdom,London,Europe,https://www.topuniversities.com/sites/default/files/queen-mary-university-of-london_592560cf2aeae70239af4bea_small.jpg
2017,125,The University of Adelaide,58,6,https://www.topuniversities.com/universities/university-adelaide,Australia,Adelaide,Oceania,https://www.topuniversities.com/sites/default/files/the-university-of-adelaide_10_small.jpg
2017,126,Université de Montréal ,58,5,https://www.topuniversities.com/universities/universite-de-montreal,Canada,Montreal,North America,https://www.topuniversities.com/sites/default/files/universit-de-montral_417_small.jpg
2017,127,University of York,58,4,https://www.topuniversities.com/universities/university-york,United Kingdom,York,Europe,https://www.topuniversities.com/sites/default/files/university-of-york_689_small.jpg
2017,128,Universidad Nacional Autónoma de México  (UNAM),58,3,https://www.topuniversities.com/universities/universidad-nacional-autonoma-de-mexico-unam,Mexico,Mexico City,Latin America,https://www.topuniversities.com/sites/default/files/universidad-nacional-autnoma-de-mxico-unam_425_small.jpg
2017,129,Lancaster University,57,9,https://www.topuniversities.com/universities/lancaster-university,United Kingdom,Lancaster,Europe,https://www.topuniversities.com/sites/default/files/lancaster-university_335_small.jpg
2017,130,Hokkaido University,57,8,https://www.topuniversities.com/universities/hokkaido-university,Japan,Sapporo,Asia,https://www.topuniversities.com/sites/default/files/hokkaido-university_266_small.jpg
2017,131,Ghent University,57,6,https://www.topuniversities.com/universities/ghent-university,Belgium,Ghent,Europe,https://www.topuniversities.com/sites/default/files/ghent-university_228_small.jpg
2017,131,University of Maryland, College Park,57,6,https://www.topuniversities.com/universities/university-maryland-college-park,United States,College Park,North America,https://www.topuniversities.com/sites/default/files/university-of-maryland-college-park_393_small.jpg
2017,133,Universiti Malaya (UM),57,1,https://www.topuniversities.com/universities/universiti-malaya-um,Malaysia,Kuala Lumpur,Asia,https://www.topuniversities.com/sites/default/files/universiti-malaya-um_383_small.jpg
2017,133,Aalto University,57,1,https://www.topuniversities.com/universities/aalto-university,Finland,Espoo,Europe,https://www.topuniversities.com/sites/default/files/aalto-university_261_small.jpg
2017,135,Kyushu University,56,8,https://www.topuniversities.com/universities/kyushu-university,Japan,Fukuoka City,Asia,https://www.topuniversities.com/sites/default/files/kyushu-university_331_small.jpg
2017,136,University of Southern California,56,7,https://www.topuniversities.com/universities/university-southern-california,United States,Los Angeles,North America,https://www.topuniversities.com/sites/default/files/university-of-southern-california_569_small.jpg
2017,137,University of Minnesota Twin Cities,56,4,https://www.topuniversities.com/universities/university-minnesota-twin-cities,United States,Minneapolis,North America,https://www.topuniversities.com/sites/default/files/university-of-minnesota_408_small.jpg
2017,138,University of Lausanne,56,3,https://www.topuniversities.com/universities/university-lausanne,Switzerland,Lausanne,Europe,https://www.topuniversities.com/sites/default/files/university-of-lausanne_592560cf2aeae70239af4bd3_small.jpg
2017,139,Chalmers University of Technology,56,1,https://www.topuniversities.com/universities/chalmers-university-technology,Sweden,Gothenburg,Europe,https://www.topuniversities.com/sites/default/files/chalmers-university-of-technology_592560cf2aeae70239af4af7_small.jpg
2017,140,Cardiff University,55,7,https://www.topuniversities.com/universities/cardiff-university,United Kingdom,Cardiff,Europe,https://www.topuniversities.com/sites/default/files/cardiff-university_592560cf2aeae70239af4ae6_small.jpg
2017,141,Université Pierre et Marie Curie (UPMC),55,6,https://www.topuniversities.com/universities/universite-pierre-et-marie-curie-upmc,France,Paris,Europe,https://www.topuniversities.com/sites/default/files/universit-pierre-et-marie-curie-upmc_487_small.jpg
2017,141,University of Basel,55,6,https://www.topuniversities.com/universities/university-basel,Switzerland,Basel,Europe,https://www.topuniversities.com/sites/default/files/university-of-basel_46_small.jpg
2017,141,University of Aberdeen,55,6,https://www.topuniversities.com/universities/university-aberdeen,United Kingdom,Aberdeen,Europe,https://www.topuniversities.com/sites/default/files/university-of-aberdeen_592560cf2aeae70239af4a8b_small.jpg
2017,144,Erasmus University Rotterdam ,55,5,https://www.topuniversities.com/universities/erasmus-university-rotterdam,Netherlands,Rotterdam,Europe,https://www.topuniversities.com/sites/default/files/erasmus-university-rotterdam_190_small.jpg
2017,145,University of Pittsburgh,55,1,https://www.topuniversities.com/universities/university-pittsburgh,United States,Pittsburgh,North America,https://www.topuniversities.com/sites/default/files/university-of-pittsburgh_500_small.jpg
2017,146,RWTH Aachen University,55,https://www.topuniversities.com/universities/rwth-aachen-university,Germany,Aachen,Europe,https://www.topuniversities.com/sites/default/files/rwth-aachen-university_4_small.jpg
2017,147,Pontificia Universidad Católica de Chile (UC),54,7,https://www.topuniversities.com/universities/pontificia-universidad-cat%C3%B3lica-de-chile-uc,Chile,Santiago,Latin America,https://www.topuniversities.com/sites/default/files/pontificia-universidad-catlica-de-chile-uc_107_small.jpg
2017,148,The Hebrew University of Jerusalem,54,2,https://www.topuniversities.com/universities/hebrew-university-jerusalem,Israel,Jerusalem,Asia,https://www.topuniversities.com/sites/default/files/the-hebrew-university-of-jerusalem_256_small.jpg
2017,149,McMaster University,54,1,https://www.topuniversities.com/universities/mcmaster-university,Canada,Hamilton,North America,https://www.topuniversities.com/sites/default/files/mcmaster-university_397_small.jpg
2017,149,Emory University,54,1,https://www.topuniversities.com/universities/emory-university,United States,Atlanta,North America,https://www.topuniversities.com/sites/default/files/emory-university_185_small.jpg
2017,151,National Tsing Hua University,53,9,https://www.topuniversities.com/universities/national-tsing-hua-university,Taiwan,Hsinchu City,Asia,https://www.topuniversities.com/sites/default/files/national-tsing-hua-university_442_small.jpg
2017,152,University of Waterloo,53,8,https://www.topuniversities.com/universities/university-waterloo,Canada,Waterloo,North America,https://www.topuniversities.com/sites/default/files/university-of-waterloo_670_small.jpg
2017,152,Indian Institute of Science,53,8,https://www.topuniversities.com/universities/indian-institute-science,India,Bangalore,Asia,https://www.topuniversities.com/sites/default/files/indian-institute-of-science-iisc-bangalore_22878_small.jpg
2017,154,Université catholique de Louvain (UCLouvain),53,4,https://www.topuniversities.com/universities/universite-catholique-de-louvain-uclouvain,Belgium,Louvain-la-Neuve,Europe,https://www.topuniversities.com/sites/default/files/universit-catholique-de-louvain-uclouvain_592560cf2aeae70239af4aed_small.jpg
2017,155,University of Vienna,53,3,https://www.topuniversities.com/universities/university-vienna,Austria,Vienna,Europe,https://www.topuniversities.com/sites/default/files/university-of-vienna_652_small.jpg
2017,156,University of California, Irvine,53,2,https://www.topuniversities.com/universities/university-california-irvine,United States,Irvine,North America,https://www.topuniversities.com/sites/default/files/university-of-california-irvine_86_small.jpg
2017,157,University of Liverpool,53,1,https://www.topuniversities.com/universities/university-liverpool,United Kingdom,Liverpool,Europe,https://www.topuniversities.com/sites/default/files/university-of-liverpool_350_small.jpg
2017,158,Dartmouth College,53,https://www.topuniversities.com/universities/dartmouth-college,United States,Hanover,North America,https://www.topuniversities.com/sites/default/files/dartmouth-college_592560cf2aeae70239af4b1c_small.jpg
2017,159,University of Bath,52,7,https://www.topuniversities.com/universities/university-bath,United Kingdom,Bath,Europe,https://www.topuniversities.com/sites/default/files/university-of-bath_47_small.jpg
2017,160,Universitat de Barcelona,52,6,https://www.topuniversities.com/universities/universitat-de-barcelona,Spain,Barcelona,Europe,https://www.topuniversities.com/sites/default/files/university-of-barcelona_592560cf2aeae70239af4aaf_small.jpg
2017,160,Texas A&M University,52,6,https://www.topuniversities.com/universities/texas-am-university,United States,Galveston,North America,https://www.topuniversities.com/sites/default/files/texas-am-university_592560cf2aeae70239af4ce2_small.jpg
2017,160,Michigan State University,52,6,https://www.topuniversities.com/universities/michigan-state-university,United States,East Lansing,North America,https://www.topuniversities.com/sites/default/files/michigan-state-university_402_small.jpg
2017,163,Albert-Ludwigs-Universitaet Freiburg,52,2,https://www.topuniversities.com/universities/albert-ludwigs-universitaet-freiburg,Germany,Freiburg im Breisgau,Europe,https://www.topuniversities.com/sites/default/files/albert-ludwigs-universitaet-freiburg_216_small.jpg
2017,164,Technische Universität Berlin (TU Berlin),52,1,https://www.topuniversities.com/universities/technische-universitat-berlin-tu-berlin,Germany,Berlin,Europe,https://www.topuniversities.com/sites/default/files/technische-universitt-berlin-tu-berlin_595_small.jpg
2017,164,The University of Exeter,52,1,https://www.topuniversities.com/universities/university-exeter,United Kingdom,Exeter,Europe,https://www.topuniversities.com/sites/default/files/the-university-of-exeter_204_small.jpg
2017,164,CentraleSupélec,52,1,https://www.topuniversities.com/universities/centralesupelec,France,Saint-Aubin,Europe,https://www.topuniversities.com/sites/default/files/centralesuplec_173_small.jpg
2017,167,Eberhard Karls Universität Tübingen,51,9,https://www.topuniversities.com/universities/eberhard-karls-universitat-tubingen,Germany,Tübingen,Europe,https://www.topuniversities.com/sites/default/files/eberhard-karls-universitt-tbingen_629_small.jpg
2017,168,Newcastle University,51,8,https://www.topuniversities.com/universities/newcastle-university,United Kingdom,Newcastle upon Tyne,Europe,https://www.topuniversities.com/sites/default/files/newcastle-university_592560cf2aeae70239af4c45_small.jpg
2017,169,University of Otago,51,3,https://www.topuniversities.com/universities/university-otago,New Zealand,Dunedin,Oceania,https://www.topuniversities.com/sites/default/files/university-of-otago_474_small.jpg
2017,170,University of Colorado Boulder,51,2,https://www.topuniversities.com/universities/university-colorado-boulder,United States,Boulder,North America,https://www.topuniversities.com/sites/default/files/university-of-colorado-boulder_137_small.jpg
2017,171,Hanyang University,50,6,https://www.topuniversities.com/universities/hanyang-university,South Korea,Seoul,Asia,https://www.topuniversities.com/sites/default/files/hanyang-university_250_small.jpg
2017,172,University of Virginia,50,5,https://www.topuniversities.com/universities/university-virginia,United States,Charlottesville,North America,https://www.topuniversities.com/sites/default/files/university-of-virginia_656_small.jpg
2017,173,Maastricht University ,50,3,https://www.topuniversities.com/universities/maastricht-university,Netherlands,Maastricht,Europe,https://www.topuniversities.com/sites/default/files/maastricht-university_377_small.jpg
2017,174,National Chiao Tung University,50,1,https://www.topuniversities.com/universities/national-chiao-tung-university,Taiwan,Hsinchu City,Asia,https://www.topuniversities.com/sites/default/files/national-chiao-tung-university_437_small.jpg
2017,175,University of Reading,50,https://www.topuniversities.com/universities/university-reading,United Kingdom,Reading,Europe,https://www.topuniversities.com/sites/default/files/university-of-reading_517_small.jpg
2017,176,University College Dublin,49,7,https://www.topuniversities.com/universities/university-college-dublin,Ireland,Dublin,Europe,https://www.topuniversities.com/sites/default/files/university-college-dublin_166_small.jpg
2017,177,University of Göttingen,49,6,https://www.topuniversities.com/universities/university-gottingen,Germany,Göttingen,Europe,https://www.topuniversities.com/sites/default/files/university-of-gttingen_234_small.jpg
2017,177,École Normale Supérieure de Lyon,49,6,https://www.topuniversities.com/universities/ecole-normale-superieure-de-lyon,France,Lyon,Europe,https://www.topuniversities.com/sites/default/files/cole-normale-suprieure-de-lyon_175_small.jpg
2017,177,University of Bergen,49,6,https://www.topuniversities.com/universities/university-bergen,Norway,Bergen,Europe,https://www.topuniversities.com/sites/default/files/university-of-bergen_53_small.jpg
2017,177,University of Twente,49,6,https://www.topuniversities.com/universities/university-twente,Netherlands,Enschede,Europe,https://www.topuniversities.com/sites/default/files/university-of-twente_635_small.jpg
2017,181,University of Bern,49,3,https://www.topuniversities.com/universities/university-bern,Switzerland,Bern,Europe,https://www.topuniversities.com/sites/default/files/university-of-bern_55_small.jpg
2017,182,Vrije Universiteit Brussel (VUB),48,9,https://www.topuniversities.com/universities/vrije-universiteit-brussel-vub,Belgium,Brussels,Europe,https://www.topuniversities.com/sites/default/files/vrije-universiteit-brussel-vub_74_small.jpg
2017,183,Politecnico di Milano,48,8,https://www.topuniversities.com/universities/politecnico-di-milano,Italy,Milan,Europe,https://www.topuniversities.com/sites/default/files/politecnico-di-milano_592560cf2aeae70239af4c1c_small.jpg
2017,183,Technische Universität Wien,48,8,https://www.topuniversities.com/universities/vienna-university-technology,Austria,Vienna,Europe,https://www.topuniversities.com/sites/default/files/vienna-university-of-technology_653_small.jpg
2017,185,University of Florida,48,6,https://www.topuniversities.com/universities/university-florida,United States,Gainesville,North America,https://www.topuniversities.com/sites/default/files/university-of-florida_212_small.jpg
2017,185,University of Rochester,48,6,https://www.topuniversities.com/universities/university-rochester,United States,Rochester,North America,https://www.topuniversities.com/sites/default/files/university-of-rochester_592560cf2aeae70239af4c96_small.jpg
2017,185,Indian Institute of Technology Delhi (IITD),48,6,https://www.topuniversities.com/universities/indian-institute-technology-delhi-iitd,India,New Delhi,Asia,https://www.topuniversities.com/sites/default/files/indian-institute-of-technology-delhi-iitd_282_small.jpg
2017,187,University of Illinois at Chicago (UIC),48,4,https://www.topuniversities.com/universities/university-illinois-chicago-uic,United States,Chicago,North America,https://www.topuniversities.com/sites/default/files/university-of-illinois-chicago-uic_592560cf2aeae70239af4b9a_small.jpg
2017,187,University of Sussex,48,4,https://www.topuniversities.com/universities/university-sussex,United Kingdom,Brighton,Europe,https://www.topuniversities.com/sites/default/files/university-of-sussex_592560cf2aeae70239af4ccd_small.jpg
2017,189,King Fahd University of Petroleum & Minerals,48,3,https://www.topuniversities.com/universities/king-fahd-university-petroleum-minerals,Saudi Arabia,Dhahran,Asia,https://www.topuniversities.com/sites/default/files/king-fahd-university-of-petroleum-minerals_779_small.jpg
2017,190,Radboud University ,48,2,https://www.topuniversities.com/universities/radboud-university,Netherlands,Nijmegen,Europe,https://www.topuniversities.com/sites/default/files/radboud-university_452_small.jpg
2017,191,Universidade Estadual de Campinas (Unicamp),48,https://www.topuniversities.com/universities/universidade-estadual-de-campinas-unicamp,Brazil,Campinas,Latin America,https://www.topuniversities.com/sites/default/files/universidade-estadual-de-campinas-unicamp_96_small.jpg
2017,191,University of Cape Town,48,https://www.topuniversities.com/universities/university-cape-town,South Africa,Cape Town,Africa,https://www.topuniversities.com/sites/default/files/uct-graduate-school-of-business_592560cf2aeae70239af4ae5_small.jpg
2017,193,University of Technology Sydney,47,8,https://www.topuniversities.com/universities/university-technology-sydney,Australia,Haymarket,Oceania,https://www.topuniversities.com/sites/default/files/university-of-technology-sydney_592560cf2aeae70239af4ccf_small.jpg
2017,195,Queen's University Belfast,47,5,https://www.topuniversities.com/universities/queens-university-belfast,United Kingdom,Europe,https://www.topuniversities.com/sites/default/files/queens-university-belfast_592560cf2aeae70239af4c86_small.jpg,
2017,196,Stockholm University,47,2,https://www.topuniversities.com/universities/stockholm-university,Sweden,Stockholm,Europe,https://www.topuniversities.com/sites/default/files/stockholm-university_577_small.jpg
2017,196,University of Calgary,47,2,https://www.topuniversities.com/universities/university-calgary,Canada,Calgary,North America,https://www.topuniversities.com/sites/default/files/university-of-calgary_592560cf2aeae70239af4ad5_small.jpg
2017,198,Western University,47,1,https://www.topuniversities.com/universities/western-university,Canada,London,North America,https://www.topuniversities.com/sites/default/files/the-university-of-western-ontario_674_small.jpg
2017,199,Vrije Universiteit Amsterdam,46,8,https://www.topuniversities.com/universities/vrije-universiteit-amsterdam,Netherlands,Amsterdam,Europe,https://www.topuniversities.com/sites/default/files/vrije-universiteit-amsterdam_658_small.jpg
2017,200,Universidad de Chile,46,7,https://www.topuniversities.com/universities/universidad-de-chile,Chile,Santiago,Latin America,https://www.topuniversities.com/sites/default/files/universidad-de-chile_121_small.jpg
2017,201,Waseda University,46,5,https://www.topuniversities.com/universities/waseda-university,Japan,Tokyo,Asia,https://www.topuniversities.com/sites/default/files/waseda-university_592560cf2aeae70239af4d1c_small.jpg
2017,202,Case Western Reserve University,46,4,https://www.topuniversities.com/universities/case-western-reserve-university,United States,Cleveland,North America,https://www.topuniversities.com/sites/default/files/case-western-reserve-university_102_small.jpg
2017,203,Universitat Autònoma de Barcelona,46,3,https://www.topuniversities.com/universities/universitat-autonoma-de-barcelona,Spain,Barcelona,Europe,https://www.topuniversities.com/sites/default/files/universitat-autnoma-de-barcelona_592560cf2aeae70239af4ab0_small.jpg
2017,203,Vanderbilt University,46,3,https://www.topuniversities.com/universities/vanderbilt-university,United States,Nashville,North America,https://www.topuniversities.com/sites/default/files/vanderbilt-university_649_small.jpg
2017,203,University of Notre Dame,46,3,https://www.topuniversities.com/universities/university-notre-dame,United States,Notre Dame,North America,https://www.topuniversities.com/sites/default/files/university-of-notre-dame_458_small.jpg
2017,206,Université Grenoble Alpes,46,1,https://www.topuniversities.com/universities/universite-grenoble-alpes,France,Grenoble,Europe,https://www.topuniversities.com/sites/default/files/universit-grenoble-alpes_592560cf2aeae70239af5ab2_small.jpg
2017,206,Tecnológico de Monterrey,46,1,https://www.topuniversities.com/universities/tecnologico-de-monterrey,Mexico,Monterrey,Latin America,https://www.topuniversities.com/sites/default/files/instituto-tecnolgico-y-de-estudios-superiores-de-monterrey_592560cf2aeae70239af4cd6_small.jpg
2017,208,Alma Mater Studiorum - University of Bologna,46,https://www.topuniversities.com/universities/alma-mater-studiorum-university-bologna,Italy,Bologna,Europe,https://www.topuniversities.com/sites/default/files/alma-mater-studiorum-university-of-bologna_592560cf2aeae70239af4ac0_small.jpg
2017,209,University of Antwerp,45,8,https://www.topuniversities.com/universities/university-antwerp,Belgium,Antwerp,Europe,https://www.topuniversities.com/sites/default/files/university-of-antwerp_21_small.jpg
2017,210,Universidad Autónoma de Madrid,45,7,https://www.topuniversities.com/universities/universidad-autonoma-de-madrid,Spain,Madrid,Europe,https://www.topuniversities.com/sites/default/files/universidad-autnoma-de-madrid_379_small.jpg
2017,210,Technische Universität Dresden,45,7,https://www.topuniversities.com/universities/technische-universitat-dresden,Germany,Dresden,Europe,https://www.topuniversities.com/sites/default/files/technische-universitt-dresden_598_small.jpg
2017,212,Tel Aviv University,45,6,https://www.topuniversities.com/universities/tel-aviv-university,Israel,Tel Aviv,Asia,https://www.topuniversities.com/sites/default/files/tel-aviv-university_592560cf2aeae70239af4cde_small.jpg
2017,213,Technion - Israel Institute of Technology,45,5,https://www.topuniversities.com/universities/technion-israel-institute-technology,Israel,Haifa,Asia,https://www.topuniversities.com/sites/default/files/technion-israel-institute-of-technology_600_small.jpg
2017,214,University of Canterbury,45,4,https://www.topuniversities.com/universities/university-canterbury,New Zealand,Christchurch,Oceania,https://www.topuniversities.com/sites/default/files/university-of-canterbury_97_small.jpg
2017,214,Georgetown University,45,4,https://www.topuniversities.com/universities/georgetown-university,United States,Washington D.C.,North America,https://www.topuniversities.com/sites/default/files/georgetown-university_224_small.jpg
2017,216,Keio University,45,1,https://www.topuniversities.com/universities/keio-university,Japan,Tokyo,Asia,https://www.topuniversities.com/sites/default/files/keio-university_592560cf2aeae70239af4bbe_small.jpg
2017,216,Universite libre de Bruxelles,45,1,https://www.topuniversities.com/universities/universite-libre-de-bruxelles,Belgium,Brussels,Europe,https://www.topuniversities.com/sites/default/files/universite-libre-de-bruxelles_75_small.jpg
2017,218,University of Wollongong,44,7,https://www.topuniversities.com/universities/university-wollongong,Australia,Wollongong,Oceania,https://www.topuniversities.com/sites/default/files/university-of-wollongong_680_small.jpg
2017,219,Indian Institute of Technology Bombay (IITB),44,6,https://www.topuniversities.com/universities/indian-institute-technology-bombay-iitb,India,Mumbai,Asia,https://www.topuniversities.com/sites/default/files/indian-institute-of-technology-bombay-iitb_281_small.jpg
2017,220,Sciences Po ,44,5,https://www.topuniversities.com/universities/sciences-po,France,Paris,Europe,https://www.topuniversities.com/sites/default/files/sciences-po-_592560cf2aeae70239af4c64_small.jpg
2017,221,Université Paris-Sorbonne (Paris IV),44,4,https://www.topuniversities.com/universities/universite-paris-sorbonne-paris-iv,France,Paris,Europe,https://www.topuniversities.com/sites/default/files/universit-paris-sorbonne-paris-iv_484_small.jpg
2017,222,Arizona State University,44,2,https://www.topuniversities.com/universities/arizona-state-university,United States,Phoenix,North America,https://www.topuniversities.com/sites/default/files/arizona-state-university_592560cf2aeae70239af4a9c_small.jpg
2017,223,Sapienza University of Rome,44,https://www.topuniversities.com/universities/sapienza-university-rome,Italy,Rome,Europe,https://www.topuniversities.com/sites/default/files/sapienza-university-of-rome_592560cf2aeae70239af4c97_small.jpg
2017,223,Queen's University at Kingston,44,https://www.topuniversities.com/universities/queens-university-kingston,Canada,Kingston,North America,https://www.topuniversities.com/sites/default/files/queens-university-at-kingston_513_small.jpg
2017,225,University of Tsukuba,43,8,https://www.topuniversities.com/universities/university-tsukuba,Japan,Tsukuba City,Asia,https://www.topuniversities.com/sites/default/files/university-of-tsukuba_592560cf2aeae70239af4cf7_small.jpg
2017,226,Simon Fraser University,43,6,https://www.topuniversities.com/universities/simon-fraser-university,Canada,Burnaby,North America,https://www.topuniversities.com/sites/default/files/simon-fraser-university_562_small.jpg
2017,227,King Saud University,43,4,https://www.topuniversities.com/universities/king-saud-university,Saudi Arabia,Riyadh,Asia,https://www.topuniversities.com/sites/default/files/king-saud-university_1175_small.jpg
2017,228,Université Paris 1 Panthéon-Sorbonne ,43,3,https://www.topuniversities.com/universities/universite-paris-1-pantheon-sorbonne,France,Paris,Europe,https://www.topuniversities.com/sites/default/files/universit-paris-1-panthon-sorbonne_482_small.jpg
2017,228,Victoria University of Wellington,43,3,https://www.topuniversities.com/universities/victoria-university-wellington,New Zealand,Kelburn, Wellington,Oceania,https://www.topuniversities.com/sites/default/files/victoria-university-of-wellington_592560cf2aeae70239af4d0f_small.jpg
2017,228,American University of Beirut (AUB),43,3,https://www.topuniversities.com/universities/american-university-beirut-aub,Lebanon,Beirut ,Asia,https://www.topuniversities.com/sites/default/files/american-university-of-beirut-aub_780_small.jpg
2017,231,Rheinische Friedrich-Wilhelms-Universität Bonn,43,https://www.topuniversities.com/universities/rheinische-friedrich-wilhelms-universitat-bonn,Germany,Bonn,Europe,https://www.topuniversities.com/sites/default/files/rheinische-friedrich-wilhelms-universitt-bonn_592560cf2aeae70239af4ac1_small.jpg
2017,232,Universität Hamburg,42,9,https://www.topuniversities.com/universities/universitat-hamburg,Germany,Hamburg,Europe,https://www.topuniversities.com/sites/default/files/universitt-hamburg_592560cf2aeae70239af4b79_small.jpg
2017,233,The University of Arizona,42,8,https://www.topuniversities.com/universities/university-arizona,United States,Tucson,North America,https://www.topuniversities.com/sites/default/files/the-university-of-arizona_26_small.jpg
2017,234,University of Turku,42,7,https://www.topuniversities.com/universities/university-turku,Finland,Turku,Europe,https://www.topuniversities.com/sites/default/files/university-of-turku_592560cf2aeae70239af4cfe_small.jpg
2017,235,Royal Holloway University of London,42,6,https://www.topuniversities.com/universities/royal-holloway-university-london,United Kingdom,Egham,Europe,https://www.topuniversities.com/sites/default/files/royal-holloway-university-of-london_534_small.jpg
2017,236,Al-Farabi Kazakh National University,42,5,https://www.topuniversities.com/universities/al-farabi-kazakh-national-university,Kazakhstan,Almaty,Asia,https://www.topuniversities.com/sites/default/files/al-farabi-kazakh-national-university_2146_small.jpg
2017,237,Loughborough University,42,3,https://www.topuniversities.com/universities/loughborough-university,United Kingdom,Loughborough,Europe,https://www.topuniversities.com/sites/default/files/loughborough-university_592560cf2aeae70239af4bf3_small.jpg
2017,238,Tufts University,42,2,https://www.topuniversities.com/universities/tufts-university,United States,Medford,North America,https://www.topuniversities.com/sites/default/files/tufts-university_630_small.jpg
2017,239,Complutense University of Madrid,42,1,https://www.topuniversities.com/universities/complutense-university-madrid,Spain,Madrid,Europe,https://www.topuniversities.com/sites/default/files/complutense-university-of-madrid_592560cf2aeae70239af4bff_small.jpg
2017,239,University of Leicester,42,1,https://www.topuniversities.com/universities/university-leicester,United Kingdom,Leicester,Europe,https://www.topuniversities.com/sites/default/files/university-of-leicester_339_small.jpg
2017,241,National Cheng Kung University (NCKU),42,https://www.topuniversities.com/universities/national-cheng-kung-university-ncku,Taiwan,Tainan City,Asia,https://www.topuniversities.com/sites/default/files/national-cheng-kung-university-ncku_435_small.jpg
2017,241,Université Paris-Saclay,42,https://www.topuniversities.com/universities/universite-paris-saclay,France,Europe,https://www.topuniversities.com/sites/default/files/universit-paris-saclay_592560cf2aeae70239af4c6e_small.jpg,
2017,243,National Taiwan University of Science and Technology (Taiwan Tech),41,7,https://www.topuniversities.com/universities/national-taiwan-university-science-technology-taiwan-tech,Taiwan,Taipei City,Asia,https://www.topuniversities.com/sites/default/files/national-taiwan-university-of-science-and-technology-taiwan-tech_590_small.jpg
2017,244, University of Dundee,41,6,https://www.topuniversities.com/universities/university-dundee,United Kingdom,Dundee,Europe,https://www.topuniversities.com/sites/default/files/-university-of-dundee_592560cf2aeae70239af4b2c_small.jpg
2017,245,The University of Newcastle, Australia (UON),41,3,https://www.topuniversities.com/universities/university-newcastle-australia-uon,Australia,Callaghan,Oceania,https://www.topuniversities.com/sites/default/files/the-university-of-newcastle-australia-uon_449_small.jpg
2017,245,University of Navarra,41,3,https://www.topuniversities.com/universities/university-navarra,Spain,Pamplona,Europe,https://www.topuniversities.com/sites/default/files/university-of-navarra_592560cf2aeae70239af4c40_small.jpg
2017,247,Macquarie University,41,2,https://www.topuniversities.com/universities/macquarie-university,Australia,Sydney,Oceania,https://www.topuniversities.com/sites/default/files/macquarie-university_378_small.jpg
2017,247,Technical University of Darmstadt,41,2,https://www.topuniversities.com/universities/technical-university-darmstadt,Germany,Darmstadt,Europe,https://www.topuniversities.com/sites/default/files/technische-universitt-darmstadt_628_small.jpg
2017,249,Indian Institute of Technology Madras (IITM),41,https://www.topuniversities.com/universities/indian-institute-technology-madras-iitm,India,Chennai,Asia,https://www.topuniversities.com/sites/default/files/indian-institute-of-technology-madras-iitm_286_small.jpg
2017,249,National University of Ireland Galway,41,https://www.topuniversities.com/universities/national-university-ireland-galway,Ireland,Galway,Europe,https://www.topuniversities.com/sites/default/files/national-university-of-ireland-galway_220_small.jpg
2017,251,University of Massachusetts Amherst,40,8,https://www.topuniversities.com/universities/university-massachusetts-amherst,United States,Amherst,North America,https://www.topuniversities.com/sites/default/files/university-of-massachusetts-amherst_592560cf2aeae70239af4c0e_small.jpg
2017,252,Chulalongkorn University,40,6,https://www.topuniversities.com/universities/chulalongkorn-university,Thailand,Bangkok,Asia,https://www.topuniversities.com/sites/default/files/chulalongkorn-university_592560cf2aeae70239af4b01_small.jpg
2017,252,RMIT University,40,6,https://www.topuniversities.com/universities/rmit-university,Australia,Melbourne,Oceania,https://www.topuniversities.com/sites/default/files/rmit-university_592560cf2aeae70239af4c95_small.jpg
2017,252,SOAS University of London ,40,6,https://www.topuniversities.com/universities/soas-university-london,United Kingdom,London,Europe,https://www.topuniversities.com/sites/default/files/soas-university-of-london-_592560cf2aeae70239af4bf0_small.jpg
2017,252,University of East Anglia (UEA),40,6,https://www.topuniversities.com/universities/university-east-anglia-uea,United Kingdom,Norwich,Europe,https://www.topuniversities.com/sites/default/files/university-of-east-anglia-uea_637_small.jpg
2017,252,University of Miami,40,6,https://www.topuniversities.com/universities/university-miami,United States,Miami,North America,https://www.topuniversities.com/sites/default/files/university-of-miami_401_small.jpg
2017,257,Beijing Normal University ,40,4,https://www.topuniversities.com/universities/beijing-normal-university,China (Mainland),Beijing,Asia,https://www.topuniversities.com/sites/default/files/beijing-normal-university_869_small.jpg
2017,258,Saint Petersburg State University,40,1,https://www.topuniversities.com/universities/saint-petersburg-state-university,Russia,Saint Petersburg,Europe,https://www.topuniversities.com/sites/default/files/saint-petersburg-state-university_592560cf2aeae70239af4cc0_small.jpg
2017,259,Norwegian University of Science And Technology,39,8,https://www.topuniversities.com/universities/norwegian-university-science-technology,Norway,Trondheim,Europe,https://www.topuniversities.com/sites/default/files/norwegian-university-of-science-and-technology_457_small.jpg
2017,260,Université de Strasbourg,39,6,https://www.topuniversities.com/universities/universite-de-strasbourg,France,Strasbourg,Europe,https://www.topuniversities.com/sites/default/files/universit-de-strasbourg_578_small.jpg
2017,261,University of Surrey,39,5,https://www.topuniversities.com/universities/university-surrey,United Kingdom,Guildford,Europe,https://www.topuniversities.com/sites/default/files/university-of-surrey_584_small.jpg
2017,262,Université Diderot  Paris 7,39,4,https://www.topuniversities.com/universities/universite-diderot-paris-7,France,Paris,Europe,https://www.topuniversities.com/sites/default/files/universit-diderot-paris-7_592560cf2aeae70239af4c6c_small.jpg
2017,263,Universität Stuttgart,39,3,https://www.topuniversities.com/universities/universitat-stuttgart,Germany,Stuttgart,Europe,https://www.topuniversities.com/sites/default/files/universitt-stuttgart_580_small.jpg
2017,264,Goethe-University Frankfurt am Main,39,2,https://www.topuniversities.com/universities/goethe-university-frankfurt-am-main,Germany,Frankfurt,Europe,https://www.topuniversities.com/sites/default/files/universitt-frankfurt-am-main_214_small.jpg
2017,264,University of Gothenburg,39,2,https://www.topuniversities.com/universities/university-gothenburg,Sweden,Gothenburg,Europe,https://www.topuniversities.com/sites/default/files/university-of-gothenburg_233_small.jpg
2017,264,Kyung Hee University,39,2,https://www.topuniversities.com/universities/kyung-hee-university,South Korea,Asia,https://www.topuniversities.com/sites/default/files/kyung-hee-university_592560cf2aeae70239af4bcd_small.jpg,
2017,264,ENS Paris-Saclay,39,2,https://www.topuniversities.com/universities/ens-paris-saclay,France,Cachan,Europe,https://www.topuniversities.com/sites/default/files/ecole-normale-suprieure-de-cachan_1878_small.jpg
2017,268,Ecole des Ponts ParisTech,39,1,https://www.topuniversities.com/universities/ecole-des-ponts-paristech,France,Paris,Europe,https://www.topuniversities.com/sites/default/files/ecole-des-ponts-paristech_187_small.jpg
2017,269,Universidad Nacional de Colombia,38,9,https://www.topuniversities.com/universities/universidad-nacional-de-colombia,Colombia,Bogotá,Latin America,https://www.topuniversities.com/sites/default/files/universidad-nacional-de-colombia_592560cf2aeae70239af4b0b_small.jpg
2017,270,Universiti Putra Malaysia (UPM),38,8,https://www.topuniversities.com/universities/universiti-putra-malaysia-upm,Malaysia,Seri Kembangan,Asia,https://www.topuniversities.com/sites/default/files/universiti-putra-malaysia-upm_385_small.jpg
2017,271,University of California, Riverside,38,7,https://www.topuniversities.com/universities/university-california-riverside,United States,Riverside,North America,https://www.topuniversities.com/sites/default/files/university-of-california-riverside_88_small.jpg
2017,272,Universidad de los Andes,38,5,https://www.topuniversities.com/universities/universidad-de-los-andes,Colombia,Bogotá,Latin America,https://www.topuniversities.com/sites/default/files/universidad-de-los-andes_592560cf2aeae70239af4bf6_small.jpg
2017,272,Friedrich-Alexander-Universität Erlangen-Nürnberg,38,5,https://www.topuniversities.com/universities/friedrich-alexander-universitat-erlangen-nurnberg,Germany,Erlangen,Europe,https://www.topuniversities.com/sites/default/files/friedrich-alexander-universitt-erlangen-nrnberg_191_small.jpg
2017,272,University of Strathclyde,38,5,https://www.topuniversities.com/universities/university-strathclyde,United Kingdom,Glasgow,Europe,https://www.topuniversities.com/sites/default/files/university-of-strathclyde_579_small.jpg
2017,275,Wuhan University,38,2,https://www.topuniversities.com/universities/wuhan-university,China (Mainland),Wuhan,Asia,https://www.topuniversities.com/sites/default/files/wuhan-university_889_small.jpg
2017,276,Queensland University of Technology (QUT),38,1,https://www.topuniversities.com/universities/queensland-university-technology-qut,Australia,Brisbane,Oceania,https://www.topuniversities.com/sites/default/files/queensland-university-of-technology-qut_592560cf2aeae70239af4c88_small.jpg
2017,277,North Carolina State University,38,https://www.topuniversities.com/universities/north-carolina-state-university,United States,Raleigh,North America,https://www.topuniversities.com/sites/default/files/north-carolina-state-university_592560cf2aeae70239af4c2a_small.jpg
2017,278,Harbin Institute of Technology,37,9,https://www.topuniversities.com/universities/harbin-institute-technology,China (Mainland),Harbin,Asia,https://www.topuniversities.com/sites/default/files/harbin-institute-of-technology_877_small.jpg
2017,278,Hong Kong Baptist University,37,9,https://www.topuniversities.com/universities/hong-kong-baptist-university,Hong Kong SAR,Hong Kong,Asia,https://www.topuniversities.com/sites/default/files/hong-kong-baptist-university_893_small.jpg
2017,280,Universidad Carlos III de Madrid (UC3M),37,8,https://www.topuniversities.com/universities/universidad-carlos-iii-de-madrid-uc3m,Spain,Madrid,Europe,https://www.topuniversities.com/sites/default/files/universidad-carlos-iii-de-madrid-uc3m_1509_small.jpg
2017,280,Birkbeck, University of London,37,8,https://www.topuniversities.com/universities/birkbeck-university-london,United Kingdom,London,Europe,https://www.topuniversities.com/sites/default/files/birkbeck-university-of-london_1636_small.jpg
2017,282,Linköping University,37,7,https://www.topuniversities.com/universities/linkoping-university,Sweden,Linköping,Europe,https://www.topuniversities.com/sites/default/files/linkping-university_348_small.jpg
2017,283,Mahidol University,37,6,https://www.topuniversities.com/universities/mahidol-university,Thailand,Nakhon Pathom,Asia,https://www.topuniversities.com/sites/default/files/mahidol-university_381_small.jpg
2017,283,Universitat Pompeu Fabra (Barcelona),37,6,https://www.topuniversities.com/universities/universitat-pompeu-fabra,Spain,Barcelona,Europe,https://www.topuniversities.com/sites/default/files/universitat-pompeu-fabra_504_small.jpg
2017,283,University College Cork,37,6,https://www.topuniversities.com/universities/university-college-cork,Ireland,Cork,Europe,https://www.topuniversities.com/sites/default/files/university-college-cork_142_small.jpg
2017,283,King Abdulaziz University (KAU),37,6,https://www.topuniversities.com/universities/king-abdulaziz-university-kau,Saudi Arabia,Jeddah,Asia,https://www.topuniversities.com/sites/default/files/king-abdulaziz-university-kau_1172_small.jpg
2017,283,Dalhousie University,37,6,https://www.topuniversities.com/universities/dalhousie-university,Canada,Halifax,North America,https://www.topuniversities.com/sites/default/files/dalhousie-university_151_small.jpg
2017,288,University of South Australia,37,4,https://www.topuniversities.com/universities/university-south-australia,Australia,Magill,Oceania,https://www.topuniversities.com/sites/default/files/university-of-south-australia_566_small.jpg
2017,288,Universiti Teknologi Malaysia ,37,4,https://www.topuniversities.com/universities/universiti-teknologi-malaysia,Malaysia,Skudai,Asia,https://www.topuniversities.com/sites/default/files/universiti-teknologi-malaysia_387_small.jpg
2017,288,University of St.Gallen (HSG),37,4,https://www.topuniversities.com/universities/university-stgallen-hsg,Switzerland,St. Gallen,Europe,https://www.topuniversities.com/sites/default/files/university-of-st.gallen-hsg_571_small.jpg
2017,291,Indiana University Bloomington,37,3,https://www.topuniversities.com/universities/indiana-university-bloomington,United States,Bloomington,North America,https://www.topuniversities.com/sites/default/files/indiana-university-bloomington_289_small.jpg
2017,291,University of Ottawa,37,3,https://www.topuniversities.com/universities/university-ottawa,Canada,Ottawa,North America,https://www.topuniversities.com/sites/default/files/university-of-ottawa_475_small.jpg
2017,291,Novosibirsk State University,37,3,https://www.topuniversities.com/universities/novosibirsk-state-university,Russia,Novosibirsk ,Europe,https://www.topuniversities.com/sites/default/files/novosibirsk-state-university_462_small.jpg
2017,294,Westfälische Wilhelms-Universität Münster ,37,2,https://www.topuniversities.com/universities/westfalische-wilhelms-universitat-munster,Germany,Münster,Europe,https://www.topuniversities.com/sites/default/files/westflische-wilhelms-universitt-mnster_421_small.jpg
2017,294,Umea University,37,2,https://www.topuniversities.com/universities/umea-university,Sweden,Umeå,Europe,https://www.topuniversities.com/sites/default/files/umea-university_639_small.jpg
2017,296,University of California, Santa Cruz,37,1,https://www.topuniversities.com/universities/university-california-santa-cruz,United States,Santa Cruz,North America,https://www.topuniversities.com/sites/default/files/university-of-california-santa-cruz_92_small.jpg
2017,297,Sun Yat-sen University,37,https://www.topuniversities.com/universities/sun-yat-sen-university,China (Mainland),Guangzhou,Asia,https://www.topuniversities.com/sites/default/files/sun-yat-sen-university_888_small.jpg
2017,297,Hiroshima University,37,https://www.topuniversities.com/universities/hiroshima-university,Japan,Higashihiroshima City,Asia,https://www.topuniversities.com/sites/default/files/hiroshima-university_264_small.jpg
2017,299,Universität Innsbruck,36,9,https://www.topuniversities.com/universities/universitat-innsbruck,Austria,Innsbruck,Europe,https://www.topuniversities.com/sites/default/files/universitt-innsbruck_592560cf2aeae70239af4ba7_small.jpg
2017,299,Boston College,36,9,https://www.topuniversities.com/universities/boston-college,United States,Newton,North America,https://www.topuniversities.com/sites/default/files/boston-college_723_small.jpg
2017,301,Rutgers University–New Brunswick,36,8,https://www.topuniversities.com/universities/rutgers-university-new-brunswick,United States,New Brunswick,North America,https://www.topuniversities.com/sites/default/files/rutgers-university-new-brunswick_538_small.jpg
2017,302,Charles University,36,7,https://www.topuniversities.com/universities/charles-university,Czech Republic,Prague,Europe,https://www.topuniversities.com/sites/default/files/charles-university_117_small.jpg
2017,302,Universiti Kebangsaan Malaysia (UKM),36,7,https://www.topuniversities.com/universities/universiti-kebangsaan-malaysia-ukm,Malaysia,Bangi,Asia,https://www.topuniversities.com/sites/default/files/universiti-kebangsaan-malaysia-ukm_384_small.jpg
2017,302,Indian Institute of Technology Kanpur (IITK),36,7,https://www.topuniversities.com/universities/indian-institute-technology-kanpur-iitk,India,Kanpur,Asia,https://www.topuniversities.com/sites/default/files/indian-institute-of-technology-kanpur-iitk_592560cf2aeae70239af4ba5_small.jpg
2017,305,Politecnico di Torino,36,4,https://www.topuniversities.com/universities/politecnico-di-torino,Italy,Turin,Europe,https://www.topuniversities.com/sites/default/files/politecnico-di-torino_633_small.jpg
2017,306,Curtin University,36,3,https://www.topuniversities.com/universities/curtin-university,Australia,Perth,Oceania,https://www.topuniversities.com/sites/default/files/curtin-university_150_small.jpg
2017,306,Bauman Moscow State Technical University,36,3,https://www.topuniversities.com/universities/bauman-moscow-state-technical-university,Russia,Moscow,Europe,https://www.topuniversities.com/sites/default/files/bauman-moscow-state-technical-university_592560cf2aeae70239af505c_small.jpg
2017,308,Universidad Austral,36,2,https://www.topuniversities.com/universities/universidad-austral,Argentina,Pilar,Latin America,https://www.topuniversities.com/sites/default/files/universidad-austral_38_small.jpg
2017,308,National Yang Ming University,36,2,https://www.topuniversities.com/universities/national-yang-ming-university,Taiwan,Taipei City,Asia,https://www.topuniversities.com/sites/default/files/national-yang-ming-university_444_small.jpg
2017,310,National Taiwan Normal University,36,https://www.topuniversities.com/universities/national-taiwan-normal-university,Taiwan,Taipei City,Asia,https://www.topuniversities.com/sites/default/files/national-taiwan-normal-university_440_small.jpg
2017,310,Pontificia Universidad Católica Argentina,36,https://www.topuniversities.com/universities/pontificia-universidad-catolica-argentina,Argentina,Buenos Aires,Latin America,https://www.topuniversities.com/sites/default/files/pontificia-universidad-catlica-argentina_592560cf2aeae70239af5486_small.jpg
2017,310,Rensselaer Polytechnic Institute,36,https://www.topuniversities.com/universities/rensselaer-polytechnic-institute,United States,Troy,North America,https://www.topuniversities.com/sites/default/files/rensselaer-polytechnic-institute_522_small.jpg
2017,313,Indian Institute of Technology Kharagpur (IIT-KGP),35,9,https://www.topuniversities.com/universities/indian-institute-technology-kharagpur-iit-kgp,India,Kharagpur,Asia,https://www.topuniversities.com/sites/default/files/indian-institute-of-technology-kharagpur-iit-kgp_285_small.jpg
2017,314,City, University of London,35,8,https://www.topuniversities.com/universities/city-university-london,United Kingdom,London,Europe,https://www.topuniversities.com/sites/default/files/city-university-of-london_354_small.jpg
2017,315,Nankai University,35,7,https://www.topuniversities.com/universities/nankai-university,China (Mainland),Tianjin,Asia,https://www.topuniversities.com/sites/default/files/nankai-university_882_small.jpg
2017,315,Tongji University,35,7,https://www.topuniversities.com/universities/tongji-university,China (Mainland),Shanghai,Asia,https://www.topuniversities.com/sites/default/files/tongji-university_617_small.jpg
2017,315,Université de Liège,35,7,https://www.topuniversities.com/universities/universite-de-liege,Belgium,Arlon,Europe,https://www.topuniversities.com/sites/default/files/universit-de-lige_592560cf2aeae70239af4bd9_small.jpg
2017,318,Xi’an Jiaotong University,35,6,https://www.topuniversities.com/universities/xian-jiaotong-university,China (Mainland),Xi'an,Asia,https://www.topuniversities.com/sites/default/files/xian-jiaotong-university_683_small.jpg
2017,319,Tampere University of Technology ,35,5,https://www.topuniversities.com/universities/tampere-university-technology,Finland,Tampere,Europe,https://www.topuniversities.com/sites/default/files/tampere-university-of-technology_1269_small.jpg
2017,320,Ben-Gurion University of The Negev,35,4,https://www.topuniversities.com/universities/ben-gurion-university-negev,Israel,Be'er Sheva,Asia,https://www.topuniversities.com/sites/default/files/ben-gurion-university-of-the-negev_592560cf2aeae70239af4ab7_small.jpg
2017,321,Universidade Federal do Rio de Janeiro,35,3,https://www.topuniversities.com/universities/universidade-federal-do-rio-de-janeiro,Brazil,Rio de Janeiro,Latin America,https://www.topuniversities.com/sites/default/files/universidade-federal-do-rio-de-janeiro_525_small.jpg
2017,321,Universitat Politècnica de Catalunya · BarcelonaTech (UPC),35,3,https://www.topuniversities.com/universities/universitat-politecnica-de-catalunya-barcelonatech-upc,Spain,Barcelona,Europe,https://www.topuniversities.com/sites/default/files/universitat-politcnica-de-catalunya_103_small.jpg
2017,323,University of Porto,35,2,https://www.topuniversities.com/universities/university-porto,Portugal,Porto,Europe,https://www.topuniversities.com/sites/default/files/university-of-porto_760_small.jpg
2017,324,University of Waikato,35,1,https://www.topuniversities.com/universities/university-waikato,New Zealand,Hamilton ,Oceania,https://www.topuniversities.com/sites/default/files/university-of-waikato_660_small.jpg
2017,325,Universitas Indonesia,35,https://www.topuniversities.com/universities/universitas-indonesia,Indonesia,Depok,Asia,https://www.topuniversities.com/sites/default/files/universitas-indonesia_290_small.jpg
2017,325,University of Victoria (UVic),35,https://www.topuniversities.com/universities/university-victoria-uvic,Canada,Victoria,North America,https://www.topuniversities.com/sites/default/files/university-of-victoria-uvic_592560cf2aeae70239af4d0e_small.jpg
2017,327,Université de Montpellier,34,8,https://www.topuniversities.com/universities/universite-de-montpellier,France,Montpellier,Europe,https://www.topuniversities.com/sites/default/files/universit-de-montpellier_592560e69988f300e2321d99_small.jpg
2017,327,Heriot-Watt University,34,8,https://www.topuniversities.com/universities/heriot-watt-university,United Kingdom,Edinburgh,Europe,https://www.topuniversities.com/sites/default/files/heriot-watt-university_592560cf2aeae70239af4d5f_small.jpg
2017,329,Tokyo Medical and Dental University (TMDU),34,7,https://www.topuniversities.com/universities/tokyo-medical-dental-university-tmdu,Japan,Tokyo,Asia,https://www.topuniversities.com/sites/default/files/tokyo-medical-and-dental-university-tmdu_592560cf2aeae70239af4e8a_small.jpg
2017,330,University of Lisbon ,34,6,https://www.topuniversities.com/universities/university-lisbon,Portugal,Lisbon ,Europe,https://www.topuniversities.com/sites/default/files/university-of-lisbon_1475_small.jpg
2017,330,Universiti Sains Malaysia (USM),34,6,https://www.topuniversities.com/universities/universiti-sains-malaysia-usm,Malaysia,Gelugor,Asia,https://www.topuniversities.com/sites/default/files/universiti-sains-malaysia-usm_386_small.jpg
2017,330,Tilburg University,34,6,https://www.topuniversities.com/universities/tilburg-university,Netherlands,Tilburg,Europe,https://www.topuniversities.com/sites/default/files/tilburg-university_592560cf2aeae70239af4ce5_small.jpg
2017,330,Essex, University of,34,6,https://www.topuniversities.com/universities/essex-university,United Kingdom,Colchester,Europe,https://www.topuniversities.com/sites/default/files/university-of-essex_592560cf2aeae70239af4b4c_small.jpg
2017,330,Yeshiva University,34,6,https://www.topuniversities.com/universities/yeshiva-university,United States,New York City,North America,https://www.topuniversities.com/sites/default/files/the-katz-school-at-yeshiva-university_685_small.jpg
2017,335,Ewha Womans University,34,5,https://www.topuniversities.com/universities/ewha-womans-university,South Korea,Seoul,Asia,https://www.topuniversities.com/sites/default/files/ewha-womans-university_592560cf2aeae70239af4b38_small.jpg
2017,336,Griffith University,34,4,https://www.topuniversities.com/universities/griffith-university,Australia,Nathan,Oceania,https://www.topuniversities.com/sites/default/files/griffith-university_242_small.jpg
2017,337,Gwangju Institute of Science and Technology (GIST),34,3,https://www.topuniversities.com/universities/gwangju-institute-science-technology-gist,South Korea,Gwangju,Asia,https://www.topuniversities.com/sites/default/files/gwangju-institute-of-science-and-technology-gist_718_small.jpg
2017,338,Università di Padova,34,2,https://www.topuniversities.com/universities/universita-di-padova,Italy,Padua,Europe,https://www.topuniversities.com/sites/default/files/universitdi-padova_480_small.jpg
2017,338,University of Jyväskylä,34,2,https://www.topuniversities.com/universities/university-jyvaskyla,Finland,Jyväskylä,Europe,https://www.topuniversities.com/sites/default/files/university-of-jyvskyl_306_small.jpg
2017,340,Massey University,34,1,https://www.topuniversities.com/universities/massey-university,New Zealand,Palmerston North,Oceania,https://www.topuniversities.com/sites/default/files/massey-university_395_small.jpg
2017,340,James Cook University,34,1,https://www.topuniversities.com/universities/jam,,,,
2017,341,Chiang Mai University (CMU),31,5,https://www.cmu.ac.th/en/,Thailand,Chiang Mai,North thailand,https://en.wikipedia.org/wiki/Chiang_Mai_University
